Name,Email,Age,Country
Landon Patel,landonpatel@gmail.com,32,United States
Cassidy Turner,cassidyturner@yahoo.com,24,Canada
Axl Thompson,axl.thompson@hotmail.com,43,United States
Ivy Wilson,ivywilson@gmail.com,58,United Kingdom
Reece Scott,reece.scott@outlook.com,26,Australia
Carter Johnson,carter.johnson@yahoo.com,41,Canada
Taliyah Garcia,taliyah.garcia@hotmail.com,20,Mexico
Ishaan Patel,ishaan_patel@gmail.com,34,India
Mikayla James,mikayla_james@hotmail.com,40,United States
Brenton Davis,brenton.davis@yahoo.com,33,Australia
Aurora Martin,auroramartin@gmail.com,47,United Kingdom
Jovany Rodriguez,jovany.rodriguez@yahoo.com,31,Mexico
Lillyana Hernandez,lillyana_hernandez@hotmail.com,45,United States
Elvis Brown,elvis_brown@gmail.com,22,Canada
Livia Perez,livia_perez@yahoo.com,48,Mexico
Nash Cooper,nash.cooper@hotmail.com,25,United States
Janelle Lee,janelle_lee@gmail.com,56,United Kingdom
Siena Davis,siena_davis@yahoo.com,30,Canada
Eddie Black,eddie.black@hotmail.com,51,Australia
Eve Ramirez,eve_ramirez@gmail.com,39,Mexico
Milo Wright,milo.wright@yahoo.com,35,United States
Allyson Mitchell,allyson.mitchell@hotmail.com,49,Canada
Amos Adams,amos.adams@gmail.com,50,United States
Kaliyah Brown,kaliyah.brown@yahoo.com,19,Mexico
Jamal Hernandez,jamal_hernandez@hotmail.com,27,United States
Adele Anderson,adele_anderson@gmail.com,59,United Kingdom
Landon Taylor,landon.taylor@yahoo.com,54,Canada
Alec Perez,alec.perez@hotmail.com,46,Mexico
Lorelai King,lorelai_king@gmail.com,21,United States
Hector Ramirez,hector.ramirez@yahoo.com,44,Mexico
Nina White,nina.white@hotmail.com,32,Australia
Dane Scott,dane_scott@gmail.com,60,United States
Lainey Gonzalez,lainey_gonzalez@yahoo.com,52,Mexico
Cohen Wilson,cohen.wilson@hotmail.com,28,United Kingdom
Kaitlyn Adams,kaitlyn.adams@gmail.com,38,Australia
Dariana Davis,dariana.davis@yahoo.com,53,Canada
Toby Lee,tobylee@hotmail.com,36,United States
Eliezer Perez,eliezer_perez@gmail.com,42,Mexico
Caitlin King,caitlin.king@yahoo.com,23,Canada
Dane Patel,dane_patel@hotmail.com,18,India
Violeta Gonzalez,violeta_gonzalez@gmail.com,37,Mexico
Tristin Scott,tristin.scott@yahoo.com,65,United States
Aubree Davis,aubree_davis@hotmail.com,29,Australia
Lennon Martinez,lennon_martinez@gmail.com,57,Mexico
Aryan Thompson,aryan_thompson@yahoo.com,61,United States
Soren Wilson,soren_wilson@hotmail.com,55,Canada
Braelyn Hernandez,braelyn.hernandez@gmail.com,62,Mexico
Zion Rodriguez,zion_rodriguez@yahoo.com,50,Mexico
Edgar Johnson,edgar.johnson@hotmail.com,52,United States
Lana Taylor,lana.taylor@gmail.com,47,Canada
Braden Perez,braden_perez@yahoo.com,60,Mexico
Jaida Smith,jaida_smith@hotmail.com,21,United States
Jovanny Davis,jovanny.davis@gmail.com,43,Australia
Eliana Brown,eliana_brown@yahoo.com,61,United States
Kasey Gonzalez,kasey.gonzalez@hotmail.com,30,Mexico
Hanna Anderson,hanna.anderson@gmail.com,24,Canada
Carmelo Martinez,carmelo.martinez@yahoo.com,58,Mexico
Luz White,luz.white@hotmail.com,34,United States
Cannon Scott,cannon_scott@gmail.com,56,Canada
Maisie Adams,maisie.adams@yahoo.com,22,Australia
Jasper Lee,jasper.lee@hotmail.com,25,United States
Zoie Wilson,zoie.wilson@gmail.com,63,United Kingdom
Maren Hernandez,maren_hernandez@yahoo.com,29,Mexico
Braylen Thompson,braylen_thompson@hotmail.com,20,Australia
Karlee Rodriguez,karlee_rodriguez@gmail.com,41,Mexico
Sergio Perez,sergio_perez@yahoo.com,36,Mexico
Layton Davis,layton.davis@hotmail.com,42,Canada
Savanah Johnson,savanah.johnson@gmail.com,50,United States
Jaidyn King,jaidyn_king@yahoo.com,37,Canada
Lyla Taylor,lyla.taylor@hotmail.com,46,United Kingdom
Avery Gonzalez,avery.gonzalez@gmail.com,19,Mexico
Kamryn Scott,kamryn.scott@yahoo.com,31,Australia
Azariah Brown,azariah_brown@hotmail.com,57,United States
Jaxson Martinez,jaxson.martinez@gmail.com,26,Mexico
Raven White,raven.white@yahoo.com,48,Canada
Jocelyn Adams,jocelyn_adams@hotmail.com,35,Australia
Kylan Lee,kylan_lee@gmail.com,50,United States
Lennon Wilson,lennon_wilson@yahoo.com,25,Canada
Macy Hernandez,macy.hernandez@hotmail.com,39,Mexico
Jordy Thompson,jordy_thompson@gmail.com,30,United States
Lena Rodriguez,lena.rodriguez@yahoo.com,51,Mexico
Gael Perez,gael_perez@hotmail.com,22,Mexico
Ryann Davis,ryann.davis@gmail.com,24,Canada
Lara Johnson,lara.johnson@yahoo.com,54,United States
Paislee King,paislee_king@hotmail.com,61,United Kingdom
Kole Scott,kole_scott@gmail.com,63,Australia
Alaia Taylor,alaia_taylor@yahoo.com,23,United States