Name,Email,Education Level,Number of Languages Spoken
Landon Patel,landonpatel@gmail.com,Bachelor's Degree,2
Cassidy Turner,cassidyturner@yahoo.com,Master's Degree,1
Axl Thompson,axl.thompson@hotmail.com,High School,3
Ivy Wilson,ivywilson@gmail.com,Bachelor's Degree,4
Reece Scott,reece.scott@outlook.com,Doctorate,4
Carter Johnson,carter.johnson@yahoo.com,Bachelor's Degree,3
Taliyah Garcia,taliyah.garcia@hotmail.com,Master's Degree,2
Ishaan Patel,ishaan_patel@gmail.com,Bachelor's Degree,1
Mikayla James,mikayla_james@hotmail.com,Master's Degree,1
Brenton Davis,brenton.davis@yahoo.com,Bachelor's Degree,2
Aurora Martin,auroramartin@gmail.com,High School,3
Jovany Rodriguez,jovany.rodriguez@yahoo.com,High School,1
Lillyana Hernandez,lillyana_hernandez@hotmail.com,Doctorate,4
Elvis Brown,elvis_brown@gmail.com,Master's Degree,1
Livia Perez,livia_perez@yahoo.com,Master's Degree,3
Nash Cooper,nash.cooper@hotmail.com,Doctorate,4
Janelle Lee,janelle_lee@gmail.com,Bachelor's Degree,2
Siena Davis,siena_davis@yahoo.com,Bachelor's Degree,1
Eddie Black,eddie.black@hotmail.com,Doctorate,3
Eve Ramirez,eve_ramirez@gmail.com,High School,4
Milo Wright,milo.wright@yahoo.com,Master's Degree,2
Allyson Mitchell,allyson.mitchell@hotmail.com,High School,1
Amos Adams,amos.adams@gmail.com,Bachelor's Degree,1
Kaliyah Brown,kaliyah.brown@yahoo.com,Doctorate,1
Jamal Hernandez,jamal_hernandez@hotmail.com,Master's Degree,4
Adele Anderson,adele_anderson@gmail.com,Doctorate,4
Landon Taylor,landon.taylor@yahoo.com,Master's Degree,1
Alec Perez,alec.perez@hotmail.com,Bachelor's Degree,2
Lorelai King,lorelai_king@gmail.com,High School,3
Hector Ramirez,hector.ramirez@yahoo.com,High School,3
Nina White,nina.white@hotmail.com,Master's Degree,1
Dane Scott,dane_scott@gmail.com,Master's Degree,2
Lainey Gonzalez,lainey_gonzalez@yahoo.com,High School,1
Cohen Wilson,cohen.wilson@hotmail.com,Bachelor's Degree,2
Kaitlyn Adams,kaitlyn.adams@gmail.com,Doctorate,4
Dariana Davis,dariana.davis@yahoo.com,Master's Degree,1
Toby Lee,tobylee@hotmail.com,Bachelor's Degree,4
Eliezer Perez,eliezer_perez@gmail.com,High School,2
Caitlin King,caitlin.king@yahoo.com,Master's Degree,3
Dane Patel,dane_patel@hotmail.com,Master's Degree,4
Violeta Gonzalez,violeta_gonzalez@gmail.com,High School,1
Tristin Scott,tristin.scott@yahoo.com,Master's Degree,4
Aubree Davis,aubree_davis@hotmail.com,Bachelor's Degree,1
Lennon Martinez,lennon_martinez@gmail.com,Master's Degree,4
Aryan Thompson,aryan_thompson@yahoo.com,Master's Degree,2
Soren Wilson,soren_wilson@hotmail.com,Bachelor's Degree,1
Braelyn Hernandez,braelyn.hernandez@gmail.com,High School,2
Zion Rodriguez,zion_rodriguez@yahoo.com,Doctorate,4
Edgar Johnson,edgar.johnson@hotmail.com,Master's Degree,3
Lana Taylor,lana.taylor@gmail.com,Master's Degree,1
Braden Perez,braden_perez@yahoo.com,Bachelor's Degree,2
Jaida Smith,jaida_smith@hotmail.com,High School,1
Jovanny Davis,jovanny.davis@gmail.com,High School,4
Eliana Brown,eliana_brown@yahoo.com,Bachelor's Degree,1
Kasey Gonzalez,kasey.gonzalez@hotmail.com,Doctorate,2
Hanna Anderson,hanna.anderson@gmail.com,High School,1
Carmelo Martinez,carmelo.martinez@yahoo.com,Master's Degree,4
Luz White,luz.white@hotmail.com,Master's Degree,3
Cannon Scott,cannon_scott@gmail.com,High School,4
Maisie Adams,maisie.adams@yahoo.com,Doctorate,4
Jasper Lee,jasper.lee@hotmail.com,Master's Degree,1
Zoie Wilson,zoie.wilson@gmail.com,Bachelor's Degree,2
Maren Hernandez,maren_hernandez@yahoo.com,High School,3
Braylen Thompson,braylen_thompson@hotmail.com,Master's Degree,3
Karlee Rodriguez,karlee_rodriguez@gmail.com,High School,1
Sergio Perez,sergio_perez@yahoo.com,Bachelor's Degree,3
Layton Davis,layton.davis@hotmail.com,High School,1
Savanah Johnson,savanah.johnson@gmail.com,Doctorate,2
Jaidyn King,jaidyn_king@yahoo.com,Bachelor's Degree,2
Lyla Taylor,lyla.taylor@hotmail.com,High School,1
Avery Gonzalez,avery.gonzalez@gmail.com,Doctorate,1
Kamryn Scott,kamryn.scott@yahoo.com,Master's Degree,3
Azariah Brown,azariah_brown@hotmail.com,Bachelor's Degree,2
Jaxson Martinez,jaxson.martinez@gmail.com,Master's Degree,1
Raven White,raven.white@yahoo.com,Doctorate,3
Jocelyn Adams,jocelyn_adams@hotmail.com,High School,3
Kylan Lee,kylan_lee@gmail.com,Master's Degree,2
Lennon Wilson,lennon_wilson@yahoo.com,Doctorate,3
Macy Hernandez,macy.hernandez@hotmail.com,Bachelor's Degree,1
Jordy Thompson,jordy_thompson@gmail.com,High School,1
Lena Rodriguez,lena.rodriguez@yahoo.com,Bachelor's Degree,4
Gael Perez,gael_perez@hotmail.com,Doctorate,3
Ryann Davis,ryann.davis@gmail.com,Bachelor's Degree,1
Lara Johnson,lara.johnson@yahoo.com,Master's Degree,3
Paislee King,paislee_king@hotmail.com,High School,1
Kole Scott,kole_scott@gmail.com,Bachelor's Degree,4
Alaia Taylor,alaia_taylor@yahoo.com,Doctorate,2