Name,Email,Gender,Satisfaction Rate
Landon Patel,landonpatel@gmail.com,Male,8
Cassidy Turner,cassidyturner@yahoo.com,Non-binary,9
Axl Thompson,axl.thompson@hotmail.com,Male,7
Ivy Wilson,ivywilson@gmail.com,Female,6
Reece Scott,reece.scott@outlook.com,Male,4
Carter Johnson,carter.johnson@yahoo.com,Male,7
Taliyah Garcia,taliyah.garcia@hotmail.com,Female,3
Ishaan Patel,ishaan_patel@gmail.com,Male,5
Mikayla James,mikayla_james@hotmail.com,Female,9
Brenton Davis,brenton.davis@yahoo.com,Male,6
Aurora Martin,auroramartin@gmail.com,Female,8
Jovany Rodriguez,jovany.rodriguez@yahoo.com,Male,2
Lillyana Hernandez,lillyana_hernandez@hotmail.com,Female,10
Elvis Brown,elvis_brown@gmail.com,Male,1
Livia Perez,livia_perez@yahoo.com,Female,5
Nash Cooper,nash.cooper@hotmail.com,Male,3
Janelle Lee,janelle_lee@gmail.com,Female,8
Siena Davis,siena_davis@yahoo.com,Female,6
Eddie Black,eddie.black@hotmail.com,Male,4
Eve Ramirez,eve_ramirez@gmail.com,Female,7
Milo Wright,milo.wright@yahoo.com,Male,10
Allyson Mitchell,allyson.mitchell@hotmail.com,Female,4
Amos Adams,amos.adams@gmail.com,Male,2
Kaliyah Brown,kaliyah.brown@yahoo.com,Female,9
Jamal Hernandez,jamal_hernandez@hotmail.com,Male,8
Adele Anderson,adele_anderson@gmail.com,Female,6
Landon Taylor,landon.taylor@yahoo.com,Male,8
Alec Perez,alec.perez@hotmail.com,Male,4
Lorelai King,lorelai_king@gmail.com,Female,5
Hector Ramirez,hector.ramirez@yahoo.com,Male,9
Nina White,nina.white@hotmail.com,Female,3
Dane Scott,dane_scott@gmail.com,Male,6
Lainey Gonzalez,lainey_gonzalez@yahoo.com,Female,5
Cohen Wilson,cohen.wilson@hotmail.com,Male,9
Kaitlyn Adams,kaitlyn.adams@gmail.com,Female,1
Dariana Davis,dariana.davis@yahoo.com,Female,5
Toby Lee,tobylee@hotmail.com,Male,8
Eliezer Perez,eliezer_perez@gmail.com,Male,9
Caitlin King,caitlin.king@yahoo.com,Female,7
Dane Patel,dane_patel@hotmail.com,Male,2
Violeta Gonzalez,violeta_gonzalez@gmail.com,Female,7
Tristin Scott,tristin.scott@yahoo.com,Male,4
Aubree Davis,aubree_davis@hotmail.com,Female,8
Lennon Martinez,lennon_martinez@gmail.com,Male,1
Aryan Thompson,aryan_thompson@yahoo.com,Male,8
Soren Wilson,soren_wilson@hotmail.com,Male,6
Braelyn Hernandez,braelyn.hernandez@gmail.com,Female,9
Zion Rodriguez,zion_rodriguez@yahoo.com,Male,4
Edgar Johnson,edgar.johnson@hotmail.com,Male,8
Lana Taylor,lana.taylor@gmail.com,Female,5
Braden Perez,braden_perez@yahoo.com,Male,2
Jaida Smith,jaida_smith@hotmail.com,Female,8
Jovanny Davis,jovanny.davis@gmail.com,Male,4
Eliana Brown,eliana_brown@yahoo.com,Female,10
Kasey Gonzalez,kasey.gonzalez@hotmail.com,Female,6
Hanna Anderson,hanna.anderson@gmail.com,Female,7
Carmelo Martinez,carmelo.martinez@yahoo.com,Male,7
Luz White,luz.white@hotmail.com,Female,3
Cannon Scott,cannon_scott@gmail.com,Male,1
Maisie Adams,maisie.adams@yahoo.com,Female,9
Jasper Lee,jasper.lee@hotmail.com,Male,3
Zoie Wilson,zoie.wilson@gmail.com,Female,6
Maren Hernandez,maren_hernandez@yahoo.com,Female,7
Braylen Thompson,braylen_thompson@hotmail.com,Male,1
Karlee Rodriguez,karlee_rodriguez@gmail.com,Female,8
Sergio Perez,sergio_perez@yahoo.com,Male,5
Layton Davis,layton.davis@hotmail.com,Male,4
Savanah Johnson,savanah.johnson@gmail.com,Female,9
Jaidyn King,jaidyn_king@yahoo.com,Female,10
Lyla Taylor,lyla.taylor@hotmail.com,Female,7
Avery Gonzalez,avery.gonzalez@gmail.com,Female,2
Kamryn Scott,kamryn.scott@yahoo.com,Female,7
Azariah Brown,azariah_brown@hotmail.com,Male,10
Jaxson Martinez,jaxson.martinez@gmail.com,Male,6
Raven White,raven.white@yahoo.com,Female,3
Jocelyn Adams,jocelyn_adams@hotmail.com,Female,1
Kylan Lee,kylan_lee@gmail.com,Male,5
Lennon Wilson,lennon_wilson@yahoo.com,Male,9
Macy Hernandez,macy.hernandez@hotmail.com,Female,4
Jordy Thompson,jordy_thompson@gmail.com,Male,3
Lena Rodriguez,lena.rodriguez@yahoo.com,Female,6
Gael Perez,gael_perez@hotmail.com,Male,5
Ryann Davis,ryann.davis@gmail.com,Female,10
Lara Johnson,lara.johnson@yahoo.com,Female,3
Paislee King,paislee_king@hotmail.com,Female,4
Kole Scott,kole_scott@gmail.com,Male,8
Alaia Taylor,alaia_taylor@yahoo.com,Female,2