Name,Email,Marital Status,Number of Children
Landon Patel,landonpatel@gmail.com,Single,3
Cassidy Turner,cassidyturner@yahoo.com,Married,4
Axl Thompson,axl.thompson@hotmail.com,Single,1
Ivy Wilson,ivywilson@gmail.com,Divorced,0
Reece Scott,reece.scott@outlook.com,Married,2
Carter Johnson,carter.johnson@yahoo.com,Single,0
Taliyah Garcia,taliyah.garcia@hotmail.com,Married,3
Ishaan Patel,ishaan_patel@gmail.com,Divorced,2
Mikayla James,mikayla_james@hotmail.com,Single,1
Brenton Davis,brenton.davis@yahoo.com,Married,5
Aurora Martin,auroramartin@gmail.com,Single,0
Jovany Rodriguez,jovany.rodriguez@yahoo.com,Married,4
Lillyana Hernandez,lillyana_hernandez@hotmail.com,Divorced,3
Elvis Brown,elvis_brown@gmail.com,Single,5
Livia Perez,livia_perez@yahoo.com,Married,2
Nash Cooper,nash.cooper@hotmail.com,Single,0
Janelle Lee,janelle_lee@gmail.com,Married,2
Siena Davis,siena_davis@yahoo.com,Single,1
Eddie Black,eddie.black@hotmail.com,Divorced,0
Eve Ramirez,eve_ramirez@gmail.com,Married,4
Milo Wright,milo.wright@yahoo.com,Single,2
Allyson Mitchell,allyson.mitchell@hotmail.com,Married,1
Amos Adams,amos.adams@gmail.com,Divorced,4
Kaliyah Brown,kaliyah.brown@yahoo.com,Single,0
Jamal Hernandez,jamal_hernandez@hotmail.com,Married,3
Adele Anderson,adele_anderson@gmail.com,Married,5
Landon Taylor,landon.taylor@yahoo.com,Single,1
Alec Perez,alec.perez@hotmail.com,Married,0
Lorelai King,lorelai_king@gmail.com,Single,4
Hector Ramirez,hector.ramirez@yahoo.com,Married,3
Nina White,nina.white@hotmail.com,Divorced,2
Dane Scott,dane_scott@gmail.com,Single,1
Lainey Gonzalez,lainey_gonzalez@yahoo.com,Married,1
Cohen Wilson,cohen.wilson@hotmail.com,Single,0
Kaitlyn Adams,kaitlyn.adams@gmail.com,Married,3
Dariana Davis,dariana.davis@yahoo.com,Divorced,2
Toby Lee,tobylee@hotmail.com,Married,1
Eliezer Perez,eliezer_perez@gmail.com,Married,4
Caitlin King,caitlin.king@yahoo.com,Single,1
Dane Patel,dane_patel@hotmail.com,Divorced,0
Violeta Gonzalez,violeta_gonzalez@gmail.com,Married,2
Tristin Scott,tristin.scott@yahoo.com,Single,1
Aubree Davis,aubree_davis@hotmail.com,Married,3
Lennon Martinez,lennon_martinez@gmail.com,Single,0
Aryan Thompson,aryan_thompson@yahoo.com,Divorced,1
Soren Wilson,soren_wilson@hotmail.com,Married,2
Braelyn Hernandez,braelyn.hernandez@gmail.com,Married,4
Zion Rodriguez,zion_rodriguez@yahoo.com,Single,0
Edgar Johnson,edgar.johnson@hotmail.com,Married,3
Lana Taylor,lana.taylor@gmail.com,Single,2
Braden Perez,braden_perez@yahoo.com,Married,4
Jaida Smith,jaida_smith@hotmail.com,Divorced,1
Jovanny Davis,jovanny.davis@gmail.com,Married,0
Eliana Brown,eliana_brown@yahoo.com,Single,2
Kasey Gonzalez,kasey.gonzalez@hotmail.com,Married,1
Hanna Anderson,hanna.anderson@gmail.com,Married,4
Carmelo Martinez,carmelo.martinez@yahoo.com,Single,0
Luz White,luz.white@hotmail.com,Divorced,3
Cannon Scott,cannon_scott@gmail.com,Married,1
Maisie Adams,maisie.adams@yahoo.com,Single,2
Jasper Lee,jasper.lee@hotmail.com,Married,2
Zoie Wilson,zoie.wilson@gmail.com,Divorced,1
Maren Hernandez,maren_hernandez@yahoo.com,Single,0
Braylen Thompson,braylen_thompson@hotmail.com,Married,3
Karlee Rodriguez,karlee_rodriguez@gmail.com,Married,2
Sergio Perez,sergio_perez@yahoo.com,Divorced,4
Layton Davis,layton.davis@hotmail.com,Married,1
Savanah Johnson,savanah.johnson@gmail.com,Single,1
Jaidyn King,jaidyn_king@yahoo.com,Married,4
Lyla Taylor,lyla.taylor@hotmail.com,Single,0
Avery Gonzalez,avery.gonzalez@gmail.com,Married,3
Kamryn Scott,kamryn.scott@yahoo.com,Single,0
Azariah Brown,azariah_brown@hotmail.com,Married,2
Jaxson Martinez,jaxson.martinez@gmail.com,Divorced,1
Raven White,raven.white@yahoo.com,Married,4
Jocelyn Adams,jocelyn_adams@hotmail.com,Single,0
Kylan Lee,kylan_lee@gmail.com,Married,1
Lennon Wilson,lennon_wilson@yahoo.com,Divorced,2
Macy Hernandez,macy.hernandez@hotmail.com,Married,3
Jordy Thompson,jordy_thompson@gmail.com,Single,0
Lena Rodriguez,lena.rodriguez@yahoo.com,Married,4
Gael Perez,gael_perez@hotmail.com,Divorced,1
Ryann Davis,ryann.davis@gmail.com,Single,0
Lara Johnson,lara.johnson@yahoo.com,Married,2
Paislee King,paislee_king@hotmail.com,Single,1
Kole Scott,kole_scott@gmail.com,Married,3
Alaia Taylor,alaia_taylor@yahoo.com,Married,4