Name,Email,Age,Country,Education Level,Number of Languages Spoken,Gender,Satisfaction Rate,Marital Status,Number of Children
Landon Patel,landonpatel@gmail.com,32,United States,Bachelor's Degree,2,Male,8,Single,3
Cassidy Turner,cassidyturner@yahoo.com,24,Canada,Master's Degree,1,Non-binary,9,Married,4
Axl Thompson,axl.thompson@hotmail.com,43,United States,High School,3,Male,7,Single,1
Ivy Wilson,ivywilson@gmail.com,58,United Kingdom,Bachelor's Degree,4,Female,6,Divorced,0
Reece Scott,reece.scott@outlook.com,26,Australia,Doctorate,4,Male,4,Married,2
Carter Johnson,carter.johnson@yahoo.com,41,Canada,Bachelor's Degree,3,Male,7,Single,0
Taliyah Garcia,taliyah.garcia@hotmail.com,20,Mexico,Master's Degree,2,Female,3,Married,3
Ishaan Patel,ishaan_patel@gmail.com,34,India,Bachelor's Degree,1,Male,5,Divorced,2
Mikayla James,mikayla_james@hotmail.com,40,United States,Master's Degree,1,Female,9,Single,1
Brenton Davis,brenton.davis@yahoo.com,33,Australia,Bachelor's Degree,2,Male,6,Married,4
Aurora Martin,auroramartin@gmail.com,47,United Kingdom,High School,3,Female,8,Single,0
Jovany Rodriguez,jovany.rodriguez@yahoo.com,31,Mexico,High School,1,Male,2,Married,4
Lillyana Hernandez,lillyana_hernandez@hotmail.com,45,United States,Doctorate,4,Female,10,Divorced,3
Elvis Brown,elvis_brown@gmail.com,22,Canada,Master's Degree,1,Male,1,Single,4
Livia Perez,livia_perez@yahoo.com,48,Mexico,Master's Degree,3,Female,5,Married,2
Nash Cooper,nash.cooper@hotmail.com,25,United States,Doctorate,4,Male,3,Single,0
Janelle Lee,janelle_lee@gmail.com,56,United Kingdom,Bachelor's Degree,2,Female,8,Married,2
Siena Davis,siena_davis@yahoo.com,30,Canada,Bachelor's Degree,1,Female,6,Single,1
Eddie Black,eddie.black@hotmail.com,51,Australia,Doctorate,3,Male,4,Divorced,0
Eve Ramirez,eve_ramirez@gmail.com,39,Mexico,High School,4,Female,7,Married,4
Milo Wright,milo.wright@yahoo.com,35,United States,Master's Degree,2,Male,10,Single,2
Allyson Mitchell,allyson.mitchell@hotmail.com,49,Canada,High School,1,Female,4,Married,1
Amos Adams,amos.adams@gmail.com,50,United States,Bachelor's Degree,1,Male,2,Divorced,4
Kaliyah Brown,kaliyah.brown@yahoo.com,20,Mexico,Doctorate,1,Female,9,Single,0
Jamal Hernandez,jamal_hernandez@hotmail.com,27,United States,Master's Degree,4,Male,8,Married,3
Adele Anderson,adele_anderson@gmail.com,59,United Kingdom,Doctorate,4,Female,6,Married,4
Landon Taylor,landon.taylor@yahoo.com,54,Canada,Master's Degree,1,Male,8,Single,1
Alec Perez,alec.perez@hotmail.com,46,Mexico,Bachelor's Degree,2,Male,4,Married,0
Lorelai King,lorelai_king@gmail.com,21,United States,High School,3,Female,5,Single,4
Hector Ramirez,hector.ramirez@yahoo.com,44,Mexico,High School,3,Male,9,Married,3
Nina White,nina.white@hotmail.com,32,Australia,Master's Degree,1,Female,3,Divorced,2
Dane Scott,dane_scott@gmail.com,60,United States,Master's Degree,2,Male,6,Single,1
Lainey Gonzalez,lainey_gonzalez@yahoo.com,52,Mexico,High School,1,Female,5,Married,1
Cohen Wilson,cohen.wilson@hotmail.com,28,United Kingdom,Bachelor's Degree,2,Male,9,Single,0
Kaitlyn Adams,kaitlyn.adams@gmail.com,38,Australia,Doctorate,4,Female,1,Married,3
Dariana Davis,dariana.davis@yahoo.com,53,Canada,Master's Degree,1,Female,5,Divorced,2
Toby Lee,tobylee@hotmail.com,36,United States,Bachelor's Degree,4,Male,8,Married,1
Eliezer Perez,eliezer_perez@gmail.com,42,Mexico,High School,2,Male,9,Married,4
Caitlin King,caitlin.king@yahoo.com,23,Canada,Master's Degree,3,Female,7,Single,1
Dane Patel,dane_patel@hotmail.com,20,India,Master's Degree,4,Male,2,Divorced,0
Violeta Gonzalez,violeta_gonzalez@gmail.com,37,Mexico,High School,1,Female,7,Married,2
Tristin Scott,tristin.scott@yahoo.com,61,United States,Master's Degree,4,Male,4,Single,1
Aubree Davis,aubree_davis@hotmail.com,29,Australia,Bachelor's Degree,1,Female,8,Married,3
Lennon Martinez,lennon_martinez@gmail.com,57,Mexico,Master's Degree,4,Male,1,Single,0
Aryan Thompson,aryan_thompson@yahoo.com,61,United States,Master's Degree,2,Male,8,Divorced,1
Soren Wilson,soren_wilson@hotmail.com,55,Canada,Bachelor's Degree,1,Male,6,Married,2
Braelyn Hernandez,braelyn.hernandez@gmail.com,61,Mexico,High School,2,Female,9,Married,4
Zion Rodriguez,zion_rodriguez@yahoo.com,50,Mexico,Doctorate,4,Male,4,Single,0
Edgar Johnson,edgar.johnson@hotmail.com,52,United States,Master's Degree,3,Male,8,Married,3
Lana Taylor,lana.taylor@gmail.com,47,Canada,Master's Degree,1,Female,5,Single,2
Braden Perez,braden_perez@yahoo.com,60,Mexico,Bachelor's Degree,2,Male,2,Married,4
Jaida Smith,jaida_smith@hotmail.com,21,United States,High School,1,Female,8,Divorced,1
Jovanny Davis,jovanny.davis@gmail.com,43,Australia,High School,4,Male,4,Married,0
Eliana Brown,eliana_brown@yahoo.com,61,United States,Bachelor's Degree,1,Female,10,Single,2
Kasey Gonzalez,kasey.gonzalez@hotmail.com,30,Mexico,Doctorate,2,Female,6,Married,1
Hanna Anderson,hanna.anderson@gmail.com,24,Canada,High School,1,Female,7,Married,4
Carmelo Martinez,carmelo.martinez@yahoo.com,58,Mexico,Master's Degree,4,Male,7,Single,0
Luz White,luz.white@hotmail.com,34,United States,Master's Degree,3,Female,3,Divorced,3
Cannon Scott,cannon_scott@gmail.com,56,Canada,High School,4,Male,1,Married,1
Maisie Adams,maisie.adams@yahoo.com,22,Australia,Doctorate,4,Female,9,Single,2
Jasper Lee,jasper.lee@hotmail.com,25,United States,Master's Degree,1,Male,3,Married,2
Zoie Wilson,zoie.wilson@gmail.com,61,United Kingdom,Bachelor's Degree,2,Female,6,Divorced,1
Maren Hernandez,maren_hernandez@yahoo.com,29,Mexico,High School,3,Female,7,Single,0
Braylen Thompson,braylen_thompson@hotmail.com,20,Australia,Master's Degree,3,Male,1,Married,3
Karlee Rodriguez,karlee_rodriguez@gmail.com,41,Mexico,High School,1,Female,8,Married,2
Sergio Perez,sergio_perez@yahoo.com,36,Mexico,Bachelor's Degree,3,Male,5,Divorced,4
Layton Davis,layton.davis@hotmail.com,42,Canada,High School,1,Male,4,Married,1
Savanah Johnson,savanah.johnson@gmail.com,50,United States,Doctorate,2,Female,9,Single,1
Jaidyn King,jaidyn_king@yahoo.com,37,Canada,Bachelor's Degree,2,Female,10,Married,4
Lyla Taylor,lyla.taylor@hotmail.com,46,United Kingdom,High School,1,Female,7,Single,0
Avery Gonzalez,avery.gonzalez@gmail.com,20,Mexico,Doctorate,1,Female,2,Married,3
Kamryn Scott,kamryn.scott@yahoo.com,31,Australia,Master's Degree,3,Female,7,Single,0
Azariah Brown,azariah_brown@hotmail.com,57,United States,Bachelor's Degree,2,Male,10,Married,2
Jaxson Martinez,jaxson.martinez@gmail.com,26,Mexico,Master's Degree,1,Male,6,Divorced,1
Raven White,raven.white@yahoo.com,48,Canada,Doctorate,3,Female,3,Married,4
Jocelyn Adams,jocelyn_adams@hotmail.com,35,Australia,High School,3,Female,1,Single,0
Kylan Lee,kylan_lee@gmail.com,50,United States,Master's Degree,2,Male,5,Married,1
Lennon Wilson,lennon_wilson@yahoo.com,25,Canada,Doctorate,3,Male,9,Divorced,2
Macy Hernandez,macy.hernandez@hotmail.com,39,Mexico,Bachelor's Degree,1,Female,4,Married,3
Jordy Thompson,jordy_thompson@gmail.com,30,United States,High School,1,Male,3,Single,0
Lena Rodriguez,lena.rodriguez@yahoo.com,51,Mexico,Bachelor's Degree,4,Female,6,Married,4
Gael Perez,gael_perez@hotmail.com,22,Mexico,Doctorate,3,Male,5,Divorced,1
Ryann Davis,ryann.davis@gmail.com,24,Canada,Bachelor's Degree,1,Female,10,Single,0
Lara Johnson,lara.johnson@yahoo.com,54,United States,Master's Degree,3,Female,3,Married,2
Paislee King,paislee_king@hotmail.com,61,United Kingdom,High School,1,Female,4,Single,1
Kole Scott,kole_scott@gmail.com,61,Australia,Bachelor's Degree,4,Male,8,Married,3
Alaia Taylor,alaia_taylor@yahoo.com,23,United States,Doctorate,2,Female,2,Married,4
